Peptides,Sequence,Solubility
pep1,LFDTGSSADDSTKDTGTNFFI,SOLUBLE
pep2,LFDTGSSVEDTTKDTGTNFFI,SOLUBLE
pep3,LFDTGSSGDEMTRDTGTNFFI,SOLUBLE
pep4,LFDTGSSAEDYTRDTGTNFFI,SOLUBLE 
pep5,LFDTGSSAEESTKDTGTNFFI,SOLUBLE
pep7,LFDTGSSAEDYTKDTGTNFFI,SOLUBLE
pep8,LFDTGSSGDETTKDTGTNFFI,SOLUBLE
pep9,LFDTGSSAEESTRDTGTNFFI,SOLUBLE 
pep10,LFDTGSSVDDYTKDTGTNFFI,SOLUBLE
pep12,LFDTGSSGDEMTKDTGTNFFI,SOLUBLE
pep13,LFDTGSSADDYTKDTGTNFFI,SOLUBLE
pep14,LFDTGSSVDDYTRDTGTNFFI,SOLUBLE 
pep16,LFDTGSSAEETTKDTGTNFFI,SOLUBLE
pep17,LFDTGSSGEEMTRDTGTNFFI,SOLUBLE
pep18,LFDTGSSADEYTRDTGTNFFI,SOLUBLE
pep20,LFDTGSSVDEMTKDTGTNFFI,SOLUBLE 
pep21,LFDTGSSAEDSTKDTGTNFFI,SOLUBLE
pep23,LFDTGSSGEDMTKDTGTNFFI,SOLUBLE
pep24,LFDTGSSADEYTKDTGTNFFI,SOLUBLE
pep25,LFDTGSSAEDMTKDTGTNFFI,SOLUBLE 
pep26,LFDTGSSAEEYTKDTGTNFFI,SOLUBLE
pep27,LFDTGSSVEDTTRDTGTNFFI,SOLUBLE
pep28,LFDTGSSGDDYTRDTGTNFFI,SOLUBLE
pep29,LFDTGSSGEEYTKDTGTNFFI,SOLUBLE 
pep30,LFDTGSSADDMTKDTGTNFFI,SOLUBLE
pep31,LFDTGSSGEDYTRDTGTNFFI,SOLUBLE
pep32,LFDTGSSGDESTRDTGTNFFI,SOLUBLE
pep33,LFDTGSSGDDYTKDTGTNFFI,SOLUBLE 
pep34,LFDTGSSADDMTRDTGTNFFI,SOLUBLE
pep35,LFDTGSSGEEYTRDTGTNFFI,SOLUBLE
pep36,LFDTGSSGEDYTKDTGTNFFI,SOLUBLE
pep37,LFDTGSSGDESTKDTGTNFFI,SOLUBLE 
pep38,LFDTGSSGEESTKDTGTNFFI,SOLUBLE
pep39,LFDTGSSVDEYTKDTGTNFFI,SOLUBLE
pep40,LFDTGSSVEEMTKDTGTNFFI,SOLUBLE
pep41,LFDTGSSVDEMTRDTGTNFFI,SOLUBLE 
pep42,LFDTGSSGEESTRDTGTNFFI,SOLUBLE
pep43,LFDTGSSGEDSTRDTGTNFFI,SOLUBLE
pep44,LFDTGSSGDDMTKDTGTNFFI,SOLUBLE
pep45,LFDTGSSVDESTKDTGTNFFI,SOLUBLE 
pep46,LFDTGSSVDEYTRDTGTNFFI,SOLUBLE
pep47,LFDTGSSVEEMTRDTGTNFFI,SOLUBLE
pep48,LFDTGSSGEDSTKDTGTNFFI,SOLUBLE
pep49,LFDTGSSGDDSTKDTGTNFFI,SOLUBLE 
pep50,LFDTGSSAEEYTRDTGTNFFI,SOLUBLE
pep51,LFDTGSSADDYTRDTGTNFFI,SOLUBLE
pep52,LFDTGSSGDEYTRDTGTNFFI,SOLUBLE
pep53,LFDTGSSVEDMTKDTGTNFFI,SOLUBLE 
pep55,LFDTGSSVEETTKDTGTNFFI,SOLUBLE
pep56,LFDTGSSVEDYTKDTGTNFFI,SOLUBLE
pep57,LFDTGSSADETTKDTGTNFFI,SOLUBLE
pep58,LFDTGSSVDETTRDTGTNFFI,SOLUBLE 
pep59,LFDTGSSVDDMTKDTGTNFFI,SOLUBLE
pep61,LFDTGSSVEESTKDTGTNFFI,SOLUBLE
pep62,LFDTGSSVEDYTRDTGTNFFI,SOLUBLE
pep64,LFDTGSSAEEMTKDTGTNFFI,SOLUBLE 
pep65,LFDTGSSVDESTRDTGTNFFI,SOLUBLE
pep68,LFDTGSSVEDSTRDTGTNFFI,SOLUBLE
pep70,LFDTGSSAEDMTRDTGTNFFI,SOLUBLE
pep71,LFDTGSSGDDMTRDTGTNFFI,SOLUBLE 
pep72,LFDTGSSVEDSTKDTGTNFFI,SOLUBLE
pep73,LFDTGSSAEEMTRDTGTNFFI,SOLUBLE
pep74,LFDTGSSVDDSTRDTGTNFFI,SOLUBLE
pep75,LFDTGSSVEEYTKDTGTNFFI,SOLUBLE 
pep76,LFDTGSSVEESTRDTGTNFFI,SOLUBLE
pep77,LFDTGSSAEDTTKDTGTNFFI,SOLUBLE
pep78,LFDTGSSVDETTKDTGTNFFI,SOLUBLE
pep79,LFDTGSSVDDMTRDTGTNFFI,SOLUBLE 
pep80,LFDTGSSAEDSTRDTGTNFFI,SOLUBLE
pep81,LFDTGSSADEMTKDTGTNFFI,SOLUBLE
pep82,LFDTGSSVEDMTRDTGTNFFI,SOLUBLE
pep83,LFDTGSSGDEYTKDTGTNFFI,SOLUBLE 
pep84,LFDTGSSGEEMTKDTGTNFFI,SOLUBLE
pep85,LFDTGSSVDDSTKDTGTNFFI,SOLUBLE
pep87,LFDTGSSVEEYTRDTGTNFFI,SOLUBLE
pep88,LFDTGSSGEDMTRDTGTNFFI,SOLUBLE 
pep89,LFDTGSSADESTKDTGTNFFI,SOLUBLE
pep92,LFDTGSSGEDTTKDTGTNFFI,SOLUBLE
pep93,LFDTGSSADESTRDTGTNFFI,SOLUBLE
pep95,LFDTGSSGEETTKDTGTNFFI,SOLUBLE 
pep96,LFDTGSSADEMTRDTGTNFFI,SOLUBLE
pep1,LFDTGSSVYYWTWDTGTNFFI,SOLUBLE
pep2,LFDTGSSNYYWTWDTGTNFFI,SOLUBLE
pep3,LFDTGSSYYYWTWDTGTNFFI,SOLUBLE 