index,Mutant,Rec,Label,Predicted
159997,LFDTGSSYYYWTIDTGTNFFI,RHPHPHLSFMAIPPKK,1,0.1242206990718841
95997,LFDTGSSNYYWTIDTGTNFFI,RHPHPHLSFMAIPPKK,1,0.1236415654420852
143997,LFDTGSSVYYWTIDTGTNFFI,RHPHPHLSFMAIPPKK,1,0.1223779767751693
15998,LFDTGSSCYYWTIDTGTNFFI,RHPHPHLSFMAIPPKK,1,0.1207159608602523
68797,LFDTGSSKNYWTIDTGTNFFI,RHPHPHLSFMAIPPKK,1,0.119523137807846
12798,LFDTGSSCNYWTIDTGTNFFI,RHPHPHLSFMAIPPKK,1,0.1191426664590835
71997,LFDTGSSKYYWTIDTGTNFFI,RHPHPHLSFMAIPPKK,1,0.1190079599618911
156797,LFDTGSSYNYWTIDTGTNFFI,RHPHPHLSFMAIPPKK,1,0.1187341958284378
159637,LFDTGSSYYCWTIDTGTNFFI,RHPHPHLSFMAIPPKK,1,0.1180270761251449
23998,LFDTGSSDYYWTIDTGTNFFI,RHPHPHLSFMAIPPKK,1,0.1162385940551757
156796,LFDTGSSYNYVTIDTGTNFFI,RHPHPHLSFMAIPPKK,1,0.1158058196306228
152797,LFDTGSSYCYWTIDTGTNFFI,RHPHPHLSFMAIPPKK,1,0.1155200451612472
159996,LFDTGSSYYYVTIDTGTNFFI,RHPHPHLSFMAIPPKK,1,0.1146453917026519
12797,LFDTGSSCNYVTIDTGTNFFI,RHPHPHLSFMAIPPKK,1,0.1145899444818496
8798,LFDTGSSCCYWTIDTGTNFFI,RHPHPHLSFMAIPPKK,1,0.1144690066576004
87997,LFDTGSSMYYWTIDTGTNFFI,RHPHPHLSFMAIPPKK,1,0.1142907291650772
95637,LFDTGSSNYCWTIDTGTNFFI,RHPHPHLSFMAIPPKK,1,0.1141857057809829
151997,LFDTGSSWYYWTIDTGTNFFI,RHPHPHLSFMAIPPKK,1,0.1140972226858139
68796,LFDTGSSKNYVTIDTGTNFFI,RHPHPHLSFMAIPPKK,1,0.1138236224651336
159977,LFDTGSSYYWWTIDTGTNFFI,RHPHPHLSFMAIPPKK,1,0.1133985221385955
159196,LFDTGSSYVYVTIDTGTNFFI,RHPHPHLSFMAIPPKK,1,0.1133038699626922
