level_0,index,Target Sequence 1,Target Sequence 2,Label,predicted_value
0,2428,RHPHPHLSFMAIPPKK,LFDTGSSADDSTKDTGTNFFI,1,1.3525908
1,388,RHPHPHLSFMAIPPKK,LFDTGSSVEDTTKDTGTNFFI,1,1.3525908
2,1654,RHPHPHLSFMAIPPKK,LFDTGSSGDEMTRDTGTNFFI,1,1.3525908
3,1174,RHPHPHLSFMAIPPKK,LFDTGSSAEDYTRDTGTNFFI,1,1.3525908
4,1048,RHPHPHLSFMAIPPKK,LFDTGSSAEESTKDTGTNFFI,1,1.3525908
5,994,RHPHPHLSFMAIPPKK,LFDTGSSGEETTRDTGTNFFI,1,1.3525908
6,1168,RHPHPHLSFMAIPPKK,LFDTGSSAEDYTKDTGTNFFI,1,1.3525908
7,2008,RHPHPHLSFMAIPPKK,LFDTGSSGDETTKDTGTNFFI,1,1.3525908
8,1054,RHPHPHLSFMAIPPKK,LFDTGSSAEESTRDTGTNFFI,1,1.3525908
9,1888,RHPHPHLSFMAIPPKK,LFDTGSSVDDYTKDTGTNFFI,1,1.3525908
10,1834,RHPHPHLSFMAIPPKK,LFDTGSSVDDTTRDTGTNFFI,1,1.3525908
11,1648,RHPHPHLSFMAIPPKK,LFDTGSSGDEMTKDTGTNFFI,1,1.3525908
12,2608,RHPHPHLSFMAIPPKK,LFDTGSSADDYTKDTGTNFFI,1,1.3525908
13,1894,RHPHPHLSFMAIPPKK,LFDTGSSVDDYTRDTGTNFFI,1,1.3525908
14,874,RHPHPHLSFMAIPPKK,LFDTGSSVEETTRDTGTNFFI,1,1.3525908
15,688,RHPHPHLSFMAIPPKK,LFDTGSSAEETTKDTGTNFFI,1,1.3525908
16,634,RHPHPHLSFMAIPPKK,LFDTGSSGEEMTRDTGTNFFI,1,1.3525908
17,2794,RHPHPHLSFMAIPPKK,LFDTGSSADEYTRDTGTNFFI,1,1.3525908
18,1828,RHPHPHLSFMAIPPKK,LFDTGSSVDDTTKDTGTNFFI,1,1.3525908
19,2188,RHPHPHLSFMAIPPKK,LFDTGSSVDEMTKDTGTNFFI,1,1.3525908
20,1588,RHPHPHLSFMAIPPKK,LFDTGSSAEDSTKDTGTNFFI,1,1.3525908
21,2674,RHPHPHLSFMAIPPKK,LFDTGSSADETTRDTGTNFFI,1,1.3525908
22,2368,RHPHPHLSFMAIPPKK,LFDTGSSGEDMTKDTGTNFFI,1,1.3525908
23,2788,RHPHPHLSFMAIPPKK,LFDTGSSADEYTKDTGTNFFI,1,1.3525908
24,1528,RHPHPHLSFMAIPPKK,LFDTGSSAEDMTKDTGTNFFI,1,1.3525908
25,2548,RHPHPHLSFMAIPPKK,LFDTGSSAEEYTKDTGTNFFI,1,1.3525908
26,394,RHPHPHLSFMAIPPKK,LFDTGSSVEDTTRDTGTNFFI,1,1.3525908
27,1474,RHPHPHLSFMAIPPKK,LFDTGSSGDDYTRDTGTNFFI,1,1.3525908
28,2308,RHPHPHLSFMAIPPKK,LFDTGSSGEEYTKDTGTNFFI,1,1.3525908
29,2728,RHPHPHLSFMAIPPKK,LFDTGSSADDMTKDTGTNFFI,1,1.3525908
30,214,RHPHPHLSFMAIPPKK,LFDTGSSGEDYTRDTGTNFFI,1,1.3525908
31,1954,RHPHPHLSFMAIPPKK,LFDTGSSGDESTRDTGTNFFI,1,1.3525908
32,1468,RHPHPHLSFMAIPPKK,LFDTGSSGDDYTKDTGTNFFI,1,1.3525908
33,2734,RHPHPHLSFMAIPPKK,LFDTGSSADDMTRDTGTNFFI,1,1.3525908
34,2314,RHPHPHLSFMAIPPKK,LFDTGSSGEEYTRDTGTNFFI,1,1.3525908
35,208,RHPHPHLSFMAIPPKK,LFDTGSSGEDYTKDTGTNFFI,1,1.3525908
36,1948,RHPHPHLSFMAIPPKK,LFDTGSSGDESTKDTGTNFFI,1,1.3525908
37,928,RHPHPHLSFMAIPPKK,LFDTGSSGEESTKDTGTNFFI,1,1.3525908
38,508,RHPHPHLSFMAIPPKK,LFDTGSSVDEYTKDTGTNFFI,1,1.3525908
39,748,RHPHPHLSFMAIPPKK,LFDTGSSVEEMTKDTGTNFFI,1,1.3525908
40,2194,RHPHPHLSFMAIPPKK,LFDTGSSVDEMTRDTGTNFFI,1,1.3525908
41,934,RHPHPHLSFMAIPPKK,LFDTGSSGEESTRDTGTNFFI,1,1.3525908
42,94,RHPHPHLSFMAIPPKK,LFDTGSSGEDSTRDTGTNFFI,1,1.3525908
43,1288,RHPHPHLSFMAIPPKK,LFDTGSSGDDMTKDTGTNFFI,1,1.3525908
44,1228,RHPHPHLSFMAIPPKK,LFDTGSSVDESTKDTGTNFFI,1,1.3525908
45,514,RHPHPHLSFMAIPPKK,LFDTGSSVDEYTRDTGTNFFI,1,1.3525908
46,754,RHPHPHLSFMAIPPKK,LFDTGSSVEEMTRDTGTNFFI,1,1.3525908
47,88,RHPHPHLSFMAIPPKK,LFDTGSSGEDSTKDTGTNFFI,1,1.3525908
48,1348,RHPHPHLSFMAIPPKK,LFDTGSSGDDSTKDTGTNFFI,1,1.3525908
49,2554,RHPHPHLSFMAIPPKK,LFDTGSSAEEYTRDTGTNFFI,1,1.3525908
50,2614,RHPHPHLSFMAIPPKK,LFDTGSSADDYTRDTGTNFFI,1,1.3525908
51,2134,RHPHPHLSFMAIPPKK,LFDTGSSGDEYTRDTGTNFFI,1,1.3525908
52,268,RHPHPHLSFMAIPPKK,LFDTGSSVEDMTKDTGTNFFI,1,1.3525908
53,1414,RHPHPHLSFMAIPPKK,LFDTGSSGDDTTRDTGTNFFI,1,1.3525908
54,868,RHPHPHLSFMAIPPKK,LFDTGSSVEETTKDTGTNFFI,1,1.3525908
55,568,RHPHPHLSFMAIPPKK,LFDTGSSVEDYTKDTGTNFFI,1,1.3525908
56,2668,RHPHPHLSFMAIPPKK,LFDTGSSADETTKDTGTNFFI,1,1.3525908
57,1714,RHPHPHLSFMAIPPKK,LFDTGSSVDETTRDTGTNFFI,1,1.3525908
58,1768,RHPHPHLSFMAIPPKK,LFDTGSSVDDMTKDTGTNFFI,1,1.3525908
59,154,RHPHPHLSFMAIPPKK,LFDTGSSGEDTTRDTGTNFFI,1,1.3525908
60,808,RHPHPHLSFMAIPPKK,LFDTGSSVEESTKDTGTNFFI,1,1.3525908
61,574,RHPHPHLSFMAIPPKK,LFDTGSSVEDYTRDTGTNFFI,1,1.3525908
62,2848,RHPHPHLSFMAIPPKK,LFDTGSSADDTTKDTGTNFFI,1,1.3525908
63,448,RHPHPHLSFMAIPPKK,LFDTGSSAEEMTKDTGTNFFI,1,1.3525908
64,1234,RHPHPHLSFMAIPPKK,LFDTGSSVDESTRDTGTNFFI,1,1.3525908
65,1354,RHPHPHLSFMAIPPKK,LFDTGSSGDDSTRDTGTNFFI,1,1.3525908
66,2854,RHPHPHLSFMAIPPKK,LFDTGSSADDTTRDTGTNFFI,1,1.3525908
67,334,RHPHPHLSFMAIPPKK,LFDTGSSVEDSTRDTGTNFFI,1,1.3525908
68,2434,RHPHPHLSFMAIPPKK,LFDTGSSADDSTRDTGTNFFI,1,1.3525908
69,1534,RHPHPHLSFMAIPPKK,LFDTGSSAEDMTRDTGTNFFI,1,1.3525908
70,1294,RHPHPHLSFMAIPPKK,LFDTGSSGDDMTRDTGTNFFI,1,1.3525908
71,328,RHPHPHLSFMAIPPKK,LFDTGSSVEDSTKDTGTNFFI,1,1.3525908
72,454,RHPHPHLSFMAIPPKK,LFDTGSSAEEMTRDTGTNFFI,1,1.3525908
73,2254,RHPHPHLSFMAIPPKK,LFDTGSSVDDSTRDTGTNFFI,1,1.3525908
74,1108,RHPHPHLSFMAIPPKK,LFDTGSSVEEYTKDTGTNFFI,1,1.3525908
75,814,RHPHPHLSFMAIPPKK,LFDTGSSVEESTRDTGTNFFI,1,1.3525908
76,2068,RHPHPHLSFMAIPPKK,LFDTGSSAEDTTKDTGTNFFI,1,1.3525908
77,1708,RHPHPHLSFMAIPPKK,LFDTGSSVDETTKDTGTNFFI,1,1.3525908
78,1774,RHPHPHLSFMAIPPKK,LFDTGSSVDDMTRDTGTNFFI,1,1.3525908
79,1594,RHPHPHLSFMAIPPKK,LFDTGSSAEDSTRDTGTNFFI,1,1.3525908
80,2488,RHPHPHLSFMAIPPKK,LFDTGSSADEMTKDTGTNFFI,1,1.3525908
81,274,RHPHPHLSFMAIPPKK,LFDTGSSVEDMTRDTGTNFFI,1,1.3525908
82,2128,RHPHPHLSFMAIPPKK,LFDTGSSGDEYTKDTGTNFFI,1,1.3525908
83,628,RHPHPHLSFMAIPPKK,LFDTGSSGEEMTKDTGTNFFI,1,1.3525908
84,2248,RHPHPHLSFMAIPPKK,LFDTGSSVDDSTKDTGTNFFI,1,1.3525908
85,1408,RHPHPHLSFMAIPPKK,LFDTGSSGDDTTKDTGTNFFI,1,1.3525908
86,1114,RHPHPHLSFMAIPPKK,LFDTGSSVEEYTRDTGTNFFI,1,1.3525908
87,2374,RHPHPHLSFMAIPPKK,LFDTGSSGEDMTRDTGTNFFI,1,1.3525908
88,28,RHPHPHLSFMAIPPKK,LFDTGSSADESTKDTGTNFFI,1,1.3525908
89,2014,RHPHPHLSFMAIPPKK,LFDTGSSGDETTRDTGTNFFI,1,1.3525908
90,2074,RHPHPHLSFMAIPPKK,LFDTGSSAEDTTRDTGTNFFI,1,1.3525908
91,148,RHPHPHLSFMAIPPKK,LFDTGSSGEDTTKDTGTNFFI,1,1.3525908
92,34,RHPHPHLSFMAIPPKK,LFDTGSSADESTRDTGTNFFI,1,1.3525908
93,694,RHPHPHLSFMAIPPKK,LFDTGSSAEETTRDTGTNFFI,1,1.3525908
94,988,RHPHPHLSFMAIPPKK,LFDTGSSGEETTKDTGTNFFI,1,1.3525908
95,2494,RHPHPHLSFMAIPPKK,LFDTGSSADEMTRDTGTNFFI,1,1.3525908
