level_0,index,Target Sequence 1,Target Sequence 2,Label,predicted_value,Predicted
0,2428,RHPHPHLSFMAIPPKK,LFDTGSSADDSTKDTGTNFFI,1,1.3525908,0.03317736089229584
1,388,RHPHPHLSFMAIPPKK,LFDTGSSVEDTTKDTGTNFFI,1,1.3525908,0.05560682713985443
2,1654,RHPHPHLSFMAIPPKK,LFDTGSSGDEMTRDTGTNFFI,1,1.3525908,0.01464979350566864
3,1174,RHPHPHLSFMAIPPKK,LFDTGSSAEDYTRDTGTNFFI,1,1.3525908,0.03259974718093872
4,1048,RHPHPHLSFMAIPPKK,LFDTGSSAEESTKDTGTNFFI,1,1.3525908,0.021041467785835266
5,994,RHPHPHLSFMAIPPKK,LFDTGSSGEETTRDTGTNFFI,1,1.3525908,0.02178916335105896
6,1168,RHPHPHLSFMAIPPKK,LFDTGSSAEDYTKDTGTNFFI,1,1.3525908,0.05140145123004913
7,2008,RHPHPHLSFMAIPPKK,LFDTGSSGDETTKDTGTNFFI,1,1.3525908,0.033528342843055725
8,1054,RHPHPHLSFMAIPPKK,LFDTGSSAEESTRDTGTNFFI,1,1.3525908,0.007904663681983948
9,1888,RHPHPHLSFMAIPPKK,LFDTGSSVDDYTKDTGTNFFI,1,1.3525908,0.0881718248128891
10,1834,RHPHPHLSFMAIPPKK,LFDTGSSVDDTTRDTGTNFFI,1,1.3525908,0.03983774781227112
11,1648,RHPHPHLSFMAIPPKK,LFDTGSSGDEMTKDTGTNFFI,1,1.3525908,0.03178885579109192
12,2608,RHPHPHLSFMAIPPKK,LFDTGSSADDYTKDTGTNFFI,1,1.3525908,0.06200245022773743
13,1894,RHPHPHLSFMAIPPKK,LFDTGSSVDDYTRDTGTNFFI,1,1.3525908,0.04996219277381897
14,874,RHPHPHLSFMAIPPKK,LFDTGSSVEETTRDTGTNFFI,1,1.3525908,0.029806911945343018
15,688,RHPHPHLSFMAIPPKK,LFDTGSSAEETTKDTGTNFFI,1,1.3525908,0.029955148696899414
16,634,RHPHPHLSFMAIPPKK,LFDTGSSGEEMTRDTGTNFFI,1,1.3525908,0.012794911861419678
17,2794,RHPHPHLSFMAIPPKK,LFDTGSSADEYTRDTGTNFFI,1,1.3525908,0.0377529114484787
18,1828,RHPHPHLSFMAIPPKK,LFDTGSSVDDTTKDTGTNFFI,1,1.3525908,0.0615319162607193
19,2188,RHPHPHLSFMAIPPKK,LFDTGSSVDEMTKDTGTNFFI,1,1.3525908,0.05124090611934662
20,1588,RHPHPHLSFMAIPPKK,LFDTGSSAEDSTKDTGTNFFI,1,1.3525908,0.02344334125518799
21,2674,RHPHPHLSFMAIPPKK,LFDTGSSADETTRDTGTNFFI,1,1.3525908,0.02238541841506958
22,2368,RHPHPHLSFMAIPPKK,LFDTGSSGEDMTKDTGTNFFI,1,1.3525908,0.033973515033721924
23,2788,RHPHPHLSFMAIPPKK,LFDTGSSADEYTKDTGTNFFI,1,1.3525908,0.05786481499671936
24,1528,RHPHPHLSFMAIPPKK,LFDTGSSAEDMTKDTGTNFFI,1,1.3525908,0.03260579705238342
25,2548,RHPHPHLSFMAIPPKK,LFDTGSSAEEYTKDTGTNFFI,1,1.3525908,0.050063908100128174
26,394,RHPHPHLSFMAIPPKK,LFDTGSSVEDTTRDTGTNFFI,1,1.3525908,0.03412860631942749
27,1474,RHPHPHLSFMAIPPKK,LFDTGSSGDDYTRDTGTNFFI,1,1.3525908,0.039804890751838684
28,2308,RHPHPHLSFMAIPPKK,LFDTGSSGEEYTKDTGTNFFI,1,1.3525908,0.052480801939964294
29,2728,RHPHPHLSFMAIPPKK,LFDTGSSADDMTKDTGTNFFI,1,1.3525908,0.0464501827955246
30,214,RHPHPHLSFMAIPPKK,LFDTGSSGEDYTRDTGTNFFI,1,1.3525908,0.03689461946487427
31,1954,RHPHPHLSFMAIPPKK,LFDTGSSGDESTRDTGTNFFI,1,1.3525908,0.010758921504020691
32,1468,RHPHPHLSFMAIPPKK,LFDTGSSGDDYTKDTGTNFFI,1,1.3525908,0.0557132214307785
33,2734,RHPHPHLSFMAIPPKK,LFDTGSSADDMTRDTGTNFFI,1,1.3525908,0.021421998739242554
34,2314,RHPHPHLSFMAIPPKK,LFDTGSSGEEYTRDTGTNFFI,1,1.3525908,0.036329418420791626
35,208,RHPHPHLSFMAIPPKK,LFDTGSSGEDYTKDTGTNFFI,1,1.3525908,0.05370114743709564
36,1948,RHPHPHLSFMAIPPKK,LFDTGSSGDESTKDTGTNFFI,1,1.3525908,0.025367848575115204
37,928,RHPHPHLSFMAIPPKK,LFDTGSSGEESTKDTGTNFFI,1,1.3525908,0.02199128270149231
38,508,RHPHPHLSFMAIPPKK,LFDTGSSVDEYTKDTGTNFFI,1,1.3525908,0.08300133049488068
39,748,RHPHPHLSFMAIPPKK,LFDTGSSVEEMTKDTGTNFFI,1,1.3525908,0.04447948932647705
40,2194,RHPHPHLSFMAIPPKK,LFDTGSSVDEMTRDTGTNFFI,1,1.3525908,0.023548774421215057
41,934,RHPHPHLSFMAIPPKK,LFDTGSSGEESTRDTGTNFFI,1,1.3525908,0.009203024208545685
42,94,RHPHPHLSFMAIPPKK,LFDTGSSGEDSTRDTGTNFFI,1,1.3525908,0.010314613580703735
43,1288,RHPHPHLSFMAIPPKK,LFDTGSSGDDMTKDTGTNFFI,1,1.3525908,0.04010432958602905
44,1228,RHPHPHLSFMAIPPKK,LFDTGSSVDESTKDTGTNFFI,1,1.3525908,0.040418416261672974
45,514,RHPHPHLSFMAIPPKK,LFDTGSSVDEYTRDTGTNFFI,1,1.3525908,0.048987746238708496
46,754,RHPHPHLSFMAIPPKK,LFDTGSSVEEMTRDTGTNFFI,1,1.3525908,0.020144030451774597
47,88,RHPHPHLSFMAIPPKK,LFDTGSSGEDSTKDTGTNFFI,1,1.3525908,0.02335970103740692
48,1348,RHPHPHLSFMAIPPKK,LFDTGSSGDDSTKDTGTNFFI,1,1.3525908,0.029457926750183105
49,2554,RHPHPHLSFMAIPPKK,LFDTGSSAEEYTRDTGTNFFI,1,1.3525908,0.03132926672697067
50,2614,RHPHPHLSFMAIPPKK,LFDTGSSADDYTRDTGTNFFI,1,1.3525908,0.04191307723522186
51,2134,RHPHPHLSFMAIPPKK,LFDTGSSGDEYTRDTGTNFFI,1,1.3525908,0.03726528584957123
52,268,RHPHPHLSFMAIPPKK,LFDTGSSVEDMTKDTGTNFFI,1,1.3525908,0.05093885958194733
53,1414,RHPHPHLSFMAIPPKK,LFDTGSSGDDTTRDTGTNFFI,1,1.3525908,0.026928231120109558
54,868,RHPHPHLSFMAIPPKK,LFDTGSSVEETTKDTGTNFFI,1,1.3525908,0.054567426443099976
55,568,RHPHPHLSFMAIPPKK,LFDTGSSVEDYTKDTGTNFFI,1,1.3525908,0.07516205310821533
56,2668,RHPHPHLSFMAIPPKK,LFDTGSSADETTKDTGTNFFI,1,1.3525908,0.03825712203979492
57,1714,RHPHPHLSFMAIPPKK,LFDTGSSVDETTRDTGTNFFI,1,1.3525908,0.03152889013290405
58,1768,RHPHPHLSFMAIPPKK,LFDTGSSVDDMTKDTGTNFFI,1,1.3525908,0.06131589412689209
59,154,RHPHPHLSFMAIPPKK,LFDTGSSGEDTTRDTGTNFFI,1,1.3525908,0.02199292927980423
60,808,RHPHPHLSFMAIPPKK,LFDTGSSVEESTKDTGTNFFI,1,1.3525908,0.03337237983942032
61,574,RHPHPHLSFMAIPPKK,LFDTGSSVEDYTRDTGTNFFI,1,1.3525908,0.04238179326057434
62,2848,RHPHPHLSFMAIPPKK,LFDTGSSADDTTKDTGTNFFI,1,1.3525908,0.04873083531856537
63,448,RHPHPHLSFMAIPPKK,LFDTGSSAEEMTKDTGTNFFI,1,1.3525908,0.024104490876197815
64,1234,RHPHPHLSFMAIPPKK,LFDTGSSVDESTRDTGTNFFI,1,1.3525908,0.015773862600326538
65,1354,RHPHPHLSFMAIPPKK,LFDTGSSGDDSTRDTGTNFFI,1,1.3525908,0.012677252292633057
66,2854,RHPHPHLSFMAIPPKK,LFDTGSSADDTTRDTGTNFFI,1,1.3525908,0.030979685485363007
67,334,RHPHPHLSFMAIPPKK,LFDTGSSVEDSTRDTGTNFFI,1,1.3525908,0.012028612196445465
68,2434,RHPHPHLSFMAIPPKK,LFDTGSSADDSTRDTGTNFFI,1,1.3525908,0.013418585062026978
69,1534,RHPHPHLSFMAIPPKK,LFDTGSSAEDMTRDTGTNFFI,1,1.3525908,0.013962611556053162
70,1294,RHPHPHLSFMAIPPKK,LFDTGSSGDDMTRDTGTNFFI,1,1.3525908,0.019559495151042938
71,328,RHPHPHLSFMAIPPKK,LFDTGSSVEDSTKDTGTNFFI,1,1.3525908,0.03445000946521759
72,454,RHPHPHLSFMAIPPKK,LFDTGSSAEEMTRDTGTNFFI,1,1.3525908,0.011239320039749146
73,2254,RHPHPHLSFMAIPPKK,LFDTGSSVDDSTRDTGTNFFI,1,1.3525908,0.015994533896446228
74,1108,RHPHPHLSFMAIPPKK,LFDTGSSVEEYTKDTGTNFFI,1,1.3525908,0.0750151127576828
75,814,RHPHPHLSFMAIPPKK,LFDTGSSVEESTRDTGTNFFI,1,1.3525908,0.012080579996109009
76,2068,RHPHPHLSFMAIPPKK,LFDTGSSAEDTTKDTGTNFFI,1,1.3525908,0.037396445870399475
77,1708,RHPHPHLSFMAIPPKK,LFDTGSSVDETTKDTGTNFFI,1,1.3525908,0.05708737671375275
78,1774,RHPHPHLSFMAIPPKK,LFDTGSSVDDMTRDTGTNFFI,1,1.3525908,0.030850455164909363
79,1594,RHPHPHLSFMAIPPKK,LFDTGSSAEDSTRDTGTNFFI,1,1.3525908,0.009569734334945679
80,2488,RHPHPHLSFMAIPPKK,LFDTGSSADEMTKDTGTNFFI,1,1.3525908,0.032708540558815
81,274,RHPHPHLSFMAIPPKK,LFDTGSSVEDMTRDTGTNFFI,1,1.3525908,0.02344498783349991
82,2128,RHPHPHLSFMAIPPKK,LFDTGSSGDEYTKDTGTNFFI,1,1.3525908,0.05416044592857361
83,628,RHPHPHLSFMAIPPKK,LFDTGSSGEEMTKDTGTNFFI,1,1.3525908,0.026147805154323578
84,2248,RHPHPHLSFMAIPPKK,LFDTGSSVDDSTKDTGTNFFI,1,1.3525908,0.042830511927604675
85,1408,RHPHPHLSFMAIPPKK,LFDTGSSGDDTTKDTGTNFFI,1,1.3525908,0.03934517502784729
86,1114,RHPHPHLSFMAIPPKK,LFDTGSSVEEYTRDTGTNFFI,1,1.3525908,0.04292170703411102
87,2374,RHPHPHLSFMAIPPKK,LFDTGSSGEDMTRDTGTNFFI,1,1.3525908,0.015258066356182098
88,28,RHPHPHLSFMAIPPKK,LFDTGSSADESTKDTGTNFFI,1,1.3525908,0.030398793518543243
89,2014,RHPHPHLSFMAIPPKK,LFDTGSSGDETTRDTGTNFFI,1,1.3525908,0.0212189182639122
90,2074,RHPHPHLSFMAIPPKK,LFDTGSSAEDTTRDTGTNFFI,1,1.3525908,0.023496046662330627
91,148,RHPHPHLSFMAIPPKK,LFDTGSSGEDTTKDTGTNFFI,1,1.3525908,0.03224237263202667
92,34,RHPHPHLSFMAIPPKK,LFDTGSSADESTRDTGTNFFI,1,1.3525908,0.011501595377922058
93,694,RHPHPHLSFMAIPPKK,LFDTGSSAEETTRDTGTNFFI,1,1.3525908,0.018323183059692383
94,988,RHPHPHLSFMAIPPKK,LFDTGSSGEETTKDTGTNFFI,1,1.3525908,0.031541720032691956
95,2494,RHPHPHLSFMAIPPKK,LFDTGSSADEMTRDTGTNFFI,1,1.3525908,0.014824829995632172
